Customer_ID,FirstName,Surname
1,Fields,Caw
2,Jenine,Benning
3,Koralle,Tettley
4,Gearard,Shafe
5,Leonora,Daintry
6,Otis,Hindes
7,Rosaleen,Murie
8,Marcelia,Farman
9,Casi,Ensley
10,Jourdain,Philson
11,Dixie,Khadir
12,Nikkie,Tainton
13,Adan,Aristide
14,Maurise,Murrow
15,Brigitte,Gavrielly
16,Farley,Talton
17,Consolata,Black
18,Elvira,Fielden
19,Candy,Mellanby
20,Kendall,Filippi
21,Ninetta,Shortell
22,Ashbey,Van Arsdall
23,Deirdre,Wondraschek
24,Rheba,Kingsnoad
25,Claus,Nipper
26,Willem,Espinola
27,Adriana,Perritt
28,Jermaine,Pembery
29,Abey,Taye
30,Tabina,Tarbin
31,Rani,Phillippo
32,Giuditta,Thewless
33,Cissiee,Fronek
34,Fleming,Minchell
35,Leigh,Hudspeth
36,Glenna,Beckley
37,Emlyn,Rickarsey
38,Tarah,Valiant
39,Byrann,Maccrae
40,Bradan,McKniely
41,Cordell,Quincey
42,Pansy,Wallsworth
43,Terza,Vertey
44,Abby,Simenot
45,Winni,Mahady
46,Darryl,Basson
47,Anjela,Licari
48,Adele,Sondland
49,Tabby,Heinreich
50,Dalenna,Climar
51,Katerine,Dobing
52,Abdel,Birkmyre
53,Karylin,Bourges
54,Staci,Risely
55,Arni,Joselin
56,Pietrek,Prin
57,Deborah,Caulwell
58,Donelle,Hearthfield
59,Tod,Spick
60,Berke,Wagstaffe
61,Sheelah,Offener
62,Miner,D'Alesco
63,Deeanne,Longland
64,Matilda,Cosbey
65,Jone,Bollon
66,Georgette,Chucks
67,Aretha,Bambridge
68,Gianna,Antunez
69,Roana,Frackiewicz
70,Austine,Wells
71,Gaspar,McClaughlin
72,Orion,Yonnie
73,Lorry,Penna
74,Corabel,Gogay
75,Linnell,Bleakley
76,Marthe,Rosetti
77,Spenser,Crauford
78,Candice,Pisco
79,Lennard,Brocks
80,Lebbie,Astie
81,Gene,Sprules
82,Sena,Domenico
83,Mackenzie,Dunklee
84,Michel,Geely
85,Moselle,Hawke
86,Ilene,Hewes
87,Clayborne,Dumbarton
88,Torre,Bortolussi
89,Barbra,Siddele
90,Bonita,Yanin
91,Mitch,Rosenbloom
92,Clemmy,Argile
93,Flossie,McLaine
94,Annemarie,Kobes
95,Ronny,Lawrenceson
96,Agace,Milazzo
97,Debor,Ionnisian
98,Prinz,Tidmas
99,Doll,Hedau
100,Humfried,Berthe
101,Jessika,Bunnell
102,Kirk,Normanville
103,Berk,Decayette
104,Marinna,Valentin
105,Cordi,Saurat
106,Roger,Cruikshanks
107,Mose,Starking
108,Jo-ann,Oloman
109,Ginnifer,Enterle
110,Janessa,Ulyet
111,Garnette,Burberry
112,Alister,Ilsley
113,Emanuel,Quest
114,Carmella,Caville
115,Peter,Di Bartolomeo
116,Joan,Cadwallader
117,Ripley,Kohter
118,Deedee,Nettles
119,Hardy,Grass
120,Helaine,Searsby
121,Jeanelle,Alliston
122,Skylar,Jenne
123,Curt,Lehrle
124,Berne,Hannibal
125,Lukas,Scutt
126,Sigrid,Flaxon
127,Garfield,Taunton
128,Elizabet,Scarffe
129,Chryste,Cutchie
130,Evy,Kornacki
131,Henryetta,Monkley
132,Barny,Innes
133,Lucie,Adlington
134,Hyacintha,Fryers
135,Teador,Kendrew
136,Ingram,Musprat
137,Correy,Slite
138,Amanda,Domm
139,Lizabeth,Antoney
140,Delphinia,Vedntyev
141,Renaud,Dabling
142,Cullie,Rochell
143,Lyon,Ortells
144,Dunn,Penrice
145,Linnie,Lancley
146,Frankie,Valentetti
147,Tamera,Ambroisin
148,Alejoa,Mayston
149,Gail,Parfett
150,Joli,Kersting
151,Ruddy,Royl
152,Cad,Harrison
153,Arvie,Santon
154,Vidovic,Britto
155,Randie,Dunseath
156,Sutton,Thormwell
157,Jeannette,Bendell
158,Lizbeth,Touzey
159,Doris,Bettanay
160,Lura,Cardall
161,Sharia,Aprahamian
162,Juliette,Mityushkin
163,Rockie,Boddice
164,Ibby,Juschka
165,Bord,Avesque
166,Wilhelmine,Wakelam
167,Gene,Annand
168,Lionello,Oen
169,Bridie,Harkus
170,Reggi,Craighead
171,Corette,Lancashire
172,Wayland,Broadnicke
173,Sheppard,Pessler
174,Marlow,Pimmocke
175,Newton,Zorzoni
176,Tandi,Fourmy
177,Darby,McCrisken
178,Benoite,Smithe
179,Adrianna,Read
180,Wheeler,O' Timony
181,Rod,Szepe
182,Dione,Tubb
183,Kelsey,Merryfield
184,Jami,Kingsmill
185,Gloriana,MacMeeking
186,Bartholomeus,Splevings
187,Dallon,Otterwell
188,Patsy,Thompson
189,Rhea,Pococke
190,Hildy,Crippin
191,Gavra,Champerlen
192,Berny,Margerison
193,Rhianna,Jeffray
194,Devy,Reglar
195,Caddric,Keppin
196,Netty,Crang
197,Dona,Bonnyson
198,Kizzee,Duckels
199,Hesther,Hallbord
200,Randall,Coat
201,Harp,Goalley
202,Sanderson,Isakowicz
203,Brigitta,Smallacombe
204,Morganne,Carling
205,Uri,Sharrard
206,Laurene,Greatbanks
207,Huey,Dryden
208,Donielle,Phette
209,Whitney,Boyett
210,Gerome,Hallowell
211,Garik,de Clerk
212,Melinde,Jozef
213,Grannie,Cruikshank
214,Bentlee,Bromell
215,Emmye,Chaffin
216,Olly,Gillbey
217,Minerva,Shakespeare
218,Coop,Muncer
219,Catina,McIlory
220,Ruperto,Stoffels
221,Feliks,Nagle
222,Beatrix,Murrish
223,Bari,Marler
224,Harriette,Keam
225,Bettine,Bailes
226,Dannye,Cardus
227,Erv,Huck
228,Gwendolen,Keizman
229,Torrie,Radmore
230,Siobhan,St. Louis
231,Rickie,Booley
232,Isador,Burnsell
233,Jenifer,Kiessel
234,Ann-marie,Coraini
235,Karel,Eagleton
236,Lisle,Bothwell
237,Masha,Switland
238,Ephrem,Windless
239,Nydia,Bullan
240,Jo,Finch
241,Christoforo,Cornwell
242,Maison,Nurny
243,Meggy,Mc Meekin
244,Conny,Ravenhill
245,Kingsley,Guilder
246,Pembroke,Bellon
247,Yanaton,Pietsma
248,Violette,Leaver
249,Dniren,Slimon
250,Berti,Speir
251,Babita,Rzehorz
252,Welbie,Pimblett
253,Lauralee,Litchmore
254,Oates,Gotmann
255,Shaun,Frudd
256,Roze,Thaw
257,Donalt,Hiner
258,Melanie,Antony
259,Alie,Bradborne
260,Reeba,Jeanet
261,Bogey,Le Blanc
262,Eliot,Van den Velde
263,Urbano,Muirden
264,Halette,Pooke
265,Samson,Dorking
266,Vinson,Selwyn
267,Wenda,Mallen
268,Jania,Petras
269,Forrest,Winn
270,Lindie,Paty
271,Kip,Cutress
272,Arleyne,Street
273,Pollyanna,Gorghetto
274,Ase,Coulthurst
275,Lurlene,Gumn
276,Gary,Jowers
277,Harriet,Dufore
278,Brear,Cardnell
279,Antonetta,Phizacklea
280,Abby,Bentinck
281,Jacklyn,Woodard
282,Dinnie,Strothers
283,Danyette,Bettis
284,Barny,Reimer
285,Raimund,Coggell
286,Fidelia,Blaxter
287,Felicio,Calderwood
288,Marj,Andreopolos
289,Caresse,Evetts
290,Arlee,Coultas
291,Beverley,Eastcott
292,Vivyanne,Ismay
293,Zared,D'Onise
294,Llywellyn,Christal
295,Alfie,Trelease
296,Davina,Emptage
297,Hillary,Spradbery
298,Allie,Sellman
299,Herrick,Lithcow
300,Damiano,Tawn
301,Gradeigh,Rickson
302,Shep,Woolatt
303,Martica,Bernetti
304,Jephthah,Bruneton
305,Delmor,Franchyonok
306,Nana,Betterton
307,Yancey,Ilott
308,Delora,Franc
309,Brett,Duckerin
310,Ferd,Gurley
311,Darci,Usborn
312,Merry,Rochester
313,Johnna,Beggs
314,Anabella,Frostick
315,Vic,MacParland
316,Ciro,Bousler
317,Rochette,Starmore
318,Marylou,Mogridge
319,Shurwood,Vasyukhin
320,Jenine,Snowman
321,Lanni,McGarvie
322,Penelope,Grzesiak
323,Danit,Anselmi
324,Nani,Legier
325,Marsh,Petrashov
326,Nata,Deviney
327,Alfredo,De Blasi
328,Kristine,Metts
329,Free,Markus
330,Hubie,Batistelli
331,Hendrika,Castree
332,Lotti,Sollner
333,Booth,Filkin
334,Matti,Arstall
335,Aryn,Bloore
336,Chilton,Malinowski
337,Massimiliano,Baxster
338,Pauli,Prudence
339,Worthy,Beautyman
340,Francesca,Charrisson
341,Tarah,Guilliland
342,Eustace,Heasly
343,Kim,Sooper
344,Kelly,Sendley
345,Theresa,Staries
346,Augusta,De Blase
347,Lincoln,Niemetz
348,Ivonne,Bawdon
349,Sonni,Headland
350,Rita,Clogg
351,Nollie,Stihl
352,Barris,Crusham
353,Dewey,McGlashan
354,Boy,Iannetti
355,Sissie,Asplen
356,Regan,Twycross
357,Jessamine,Selman
358,Minor,Elcum
359,Cleon,Chantillon
360,Pepe,Emblow
361,Bebe,Orhrt
362,Ebonee,Saggs
363,Tammie,Redmain
364,Nissie,Buckles
365,Shaughn,Worboy
366,Gifford,McFall
367,Woodie,Minchindon
368,Vasilis,Broster
369,Tabbitha,Dellow
370,Hagen,Pettegree
371,Stacy,Ferrario
372,Dora,Slipper
373,Gerardo,Ricciardelli
374,Rodrigo,Fishbourne
375,Feodor,Gagie
376,Ranna,Wilkins
377,Nikki,Raraty
378,Ulysses,Ipplett
379,Karissa,Skerm
380,Caz,Grcic
381,Stacee,Hyndson
382,Obadias,Scawn
383,Zerk,Brabbs
384,Tasha,Duncan
385,Tan,Hearsum
386,Astrid,Crewther
387,Gerhardt,Scotfurth
388,Dunn,Charity
389,Farand,McGilvra
390,Davy,Bartolommeo
391,Emmerich,Schaben
392,Shari,Blaxall
393,Quintilla,Rodson
394,Stavro,Trammel
395,Edouard,Pauwel
396,Kerry,Richold
397,Karla,Maginn
398,Elisabetta,Shrimpton
399,Yolane,Lathan
400,Johnna,Jepps
401,Terrill,Adie
402,Dorolisa,Sime
403,Alfred,Kneesha
404,Grantley,Skatcher
405,Prudy,Skpsey
406,Candis,Lifton
407,Drusie,Menham
408,Freddi,Chantillon
409,Flossi,Butte
410,Boigie,Anten
411,Clarinda,Tatershall
412,Irene,Parkyn
413,Wit,Martine
414,Lucita,De Blasio
415,Muhammad,Jakobssen
416,Krissy,Joyes
417,Gibbie,Chilcott
418,Izak,Rumsey
419,Marquita,Dudin
420,Cletis,Kedward
421,Micky,Obington
422,Risa,Yon
423,Diane,Walas
424,Joyann,Scadden
425,Annnora,Linton
426,Wilhelmine,Mossop
427,Freida,Nibloe
428,Armin,Montier
429,Carri,Monard
430,Culver,Bartrum
431,Nathanial,Curran
432,Isabella,Parkyn
433,Amory,Doughartie
434,Yalonda,Eckert
435,Mort,Harfleet
436,Ethe,Romanski
437,Zacharias,Sewall
438,Kerry,Winfred
439,Stewart,Heynel
440,Michaella,Millett
441,Kevan,Aymerich
442,Burnard,Orgel
443,Cori,Dimmack
444,Rance,Fifoot
445,Ab,Jeaycock
446,Chicky,Nornasell
447,Hyacinthia,Iglesiaz
448,Karlee,Perle
449,Claudianus,Bamlett
450,Gaston,Hackford
451,Dulcine,Brindley
452,Karla,Sirey
453,Andie,Blackly
454,Chad,Lovekin
455,Adara,Sprey
456,Krysta,Gouth
457,Kinny,Fladgate
458,Moore,Franciottoi
459,Izak,Diben
460,Sauncho,Trehearn
461,Feodora,Brislen
462,Billi,Dorie
463,Kristi,Snare
464,Aaren,Dowles
465,Dmitri,Maleney
466,Ulysses,Redhole
467,Meridel,Cottem
468,Alfonso,Doncaster
469,Austine,Westbrook
470,Benton,Fust
471,Paulie,Hillaby
472,Abigail,Le Marquand
473,Maxy,Daffern
474,Jordan,Agirre
475,Jeannette,Muzzall
476,Alissa,Nolder
477,Tani,Giampietro
478,Tiffanie,Slobom
479,Cristiano,Tellwright
480,Beth,Petera
481,Birk,Yuranovev
482,Staci,Dessant
483,Melina,Crowcher
484,Candra,Chasson
485,Cherida,Molder
486,Opalina,McVeigh
487,Viv,Polson
488,Ania,Baraclough
489,Nickolaus,Hains
490,Jaclyn,Doughton
491,Roarke,Curphey
492,Danna,Norres
493,Adela,Mosson
494,Urbanus,Underdown
495,Ginger,Kermott
496,Cloris,Lindberg
497,Jobie,Delete
498,Marthe,Trillo
499,Loretta,Tiery
500,Meade,Strowger
501,Dodi,Barfoot
502,Shandie,Richichi
503,Carlota,Hollyman
504,Sid,Houten
505,Brucie,Pedrocchi
506,Ingeberg,Francey
507,Nata,Broadhead
508,Errol,Pennings
509,Joeann,Watmore
510,Eudora,Simonsen
511,Madel,Kauscher
512,Tull,Chidwick
513,Jannel,Garritley
514,Boone,Burge
515,Coriss,Pargent
516,Lucias,Klambt
517,Jaymee,Achromov
518,Sheelagh,Pippard
519,Elysia,Kezor
520,Cris,Joost
521,Kleon,Hachette
522,Marla,Novik
523,Inglebert,Dy
524,Earlie,Lounds
525,Janifer,Westover
526,Mal,Astle
527,Charley,Boyett
528,Kristofer,Paladino
529,Avictor,Stollenwerck
530,Wilmer,Garlic
531,George,Thebe
532,Camella,Abramovitch
533,Vite,Hanlon
534,Jodee,Kleimt
535,Gisella,Curr
536,Vonni,Witcher
537,Farley,Dysert
538,Malina,Bathow
539,Rochelle,Seyfart
540,Dolly,Fackney
541,Lissie,Booth
542,Tresa,Downing
543,Rania,Tschierasche
544,Halley,Whacket
545,Adriana,Kestin
546,Pippo,Grisley
547,Winny,Gillice
548,Dacia,Limeburn
549,Shellysheldon,Baert
550,Heywood,Webborn
551,Sharla,McAirt
552,Ludovico,Tirkin
553,Georges,Frame
554,Roddie,Snailham
555,Lowrance,Keay
556,Reinold,Matzen
557,Aubrey,Bennison
558,Jenda,Ivoshin
559,Georgianne,Warbey
560,Antonin,Seago
561,Ailee,Beville
562,Casandra,Tudball
563,Gwennie,Hugli
564,Myrtia,Pooly
565,Portie,Heathcoat
566,Carney,McGucken
567,Rozalin,Berford
568,Shanan,Blade
569,Gillan,Ahrend
570,Byram,Wormald
571,Timothee,Karpenya
572,Adrian,Robiou
573,Leighton,Twitching
574,Morgun,Schutte
575,Joni,Lomax
576,Shelba,Jehaes
577,Verene,Juste
578,Jodie,Slimon
579,Veronique,Filipputti
580,Koral,Sankey
581,Ian,Blenkinsop
582,Berkeley,McInility
583,Ola,Orsi
584,Anatola,Hebdon
585,Skipper,Hursey
586,Erv,Teggin
587,Hunfredo,Konneke
588,Aurelie,Mathewson
589,Erhart,Stickford
590,Kellen,Ottosen
591,Carl,Horrell
592,Zacharias,Ovett
593,Dannel,Nuccii
594,Horten,Muglestone
595,Faustine,Simone
596,Brandie,Marjanski
597,Irving,Gascoine
598,Erhard,Moneti
599,Karee,Crosby
600,George,Kerswill
601,Noby,Brobyn
602,Sean,Barfitt
603,Linda,Spriggin
604,Mickie,Harteley
605,Crystal,Ranscomb
606,Keary,Ezzy
607,Nikos,Govern
608,Brander,McKennan
609,Hettie,Kubiczek
610,Murray,Kemme
611,Dallas,Rugieri
612,Neron,Kluger
613,Madlin,Osbourne
614,Parrnell,Veall
615,Hestia,Durnell
616,Merwin,Shailer
617,Bucky,Sharp
618,Baxie,Pennigar
619,Tirrell,McKearnen
620,Sloan,Finder
621,Krispin,Lys
622,Ninnetta,Helkin
623,Artie,Cordon
624,Taite,Treagus
625,Ivory,Welbelove
626,Megen,Filewood
627,Dulcea,Skylett
628,Elwood,Chipman
629,Mort,Kitchiner
630,Gerrie,Blooman
631,Sonny,Izakov
632,Linea,Boswood
633,Rycca,Anyon
634,Tulley,Reyner
635,Ax,Ballantyne
636,Gene,Simonian
637,Kiley,O'Leagham
638,Gaspar,Epton
639,Letti,Prophet
640,Menard,Ranstead
641,Perceval,Swafford
642,Jackqueline,Watson-Brown
643,Koren,Rosas
644,Marcelia,Palk
645,Ike,Tomasutti
646,Benedicta,Mulcaster
647,Kalvin,Gaven
648,Francene,Bainton
649,Minnaminnie,Blindt
650,Elenore,Kener
651,Liva,Stollenhof
652,Germain,Chasemore
653,Had,Heaford
654,Gianni,Chandlar
655,Lennard,Gairdner
656,Florence,Mulbry
657,Marena,Connett
658,Ali,Hawkyens
659,Constancia,Farnell
660,Darcy,MacKonochie
661,Ev,Mokes
662,Jermain,Hambleton
663,Leonanie,Abramchik
664,Jobey,Yuryichev
665,Alfie,Fidelus
666,Arv,Volonte
667,Lyndel,Ferreli
668,Barbey,Gookes
669,Brittany,Bark
670,Artemis,Gregory
671,Lucila,Brunker
672,Elladine,Harwood
673,Nathanial,Dommerque
674,Minne,Limbourne
675,Blinnie,Juggins
676,Jarrid,Duddin
677,Abeu,Pina
678,Kettie,Iddens
679,Silvio,McKevitt
680,Elysha,MacGettigen
681,Liliane,Smitham
682,Ezequiel,Cestard
683,Letisha,Matthieson
684,Gennifer,Chaplyn
685,Deva,Gibbin
686,Leigh,Jasiak
687,Berni,Joss
688,Bellina,Acum
689,Merwyn,Stourton
690,Cleopatra,Davitti
691,De witt,Spittles
692,Flo,Stapele
693,Maisey,Doge
694,Arly,Klaiser
695,Manda,German
696,Eryn,Trunchion
697,Arlee,Duce
698,Blake,Davage
699,Alvan,Gaukrodge
700,Christean,Stainton - Skinn
701,Sauncho,Deackes
702,Gil,Waddington
703,Killie,Swiffin
704,Cicily,Collister
705,Baldwin,Farries
706,Arielle,Pagen
707,Adina,Calles
708,Norton,Colclough
709,Arlene,Malacrida
710,Mariejeanne,Shelton
711,Aarika,Kohen
712,Lydon,Fontes
713,Donnie,Van der Velden
714,Scotti,Vasyukov
715,Johanna,Fleetwood
716,Jana,Boggas
717,Vinny,Shorey
718,Mame,Ricard
719,Sibyl,Marriott
720,Grenville,Rigler
721,Nelle,McRobbie
722,Care,Sibthorpe
723,Hyman,Anslow
724,Nina,Prangnell
725,Garnette,Cragoe
726,Cord,Beahan
727,Bradly,Hardy
728,Mariel,Simony
729,Cassius,De Vile
730,Urban,Lamplough
731,Inna,Cord
732,Theodosia,Beavon
733,Hank,Bilby
734,Sharity,Carme
735,Hedi,Kless
736,Renelle,Crathorne
737,Kay,Flaverty
738,Kareem,Jerisch
739,Hilary,Oblein
740,Tasha,Perview
741,Wallie,Crevagh
742,Aubrey,Stanlack
743,Verne,Sutherby
744,Spence,Kniveton
745,Anstice,Ivakin
746,Leandra,Canete
747,Pauletta,Yuranovev
748,Biddy,Rodden
749,Pammy,Harte
750,Kassey,Luppitt
751,Elaina,Attewill
752,Ange,Hymas
753,Sheelah,Brager
754,Tammi,Screwton
755,Elliot,Havill
756,Randi,Keaysell
757,Mirabel,Pitrollo
758,Francesco,Rodinger
759,Lexis,Raselles
760,Evelyn,Hexam
761,Marya,Griswaite
762,Cyrillus,Fowlie
763,Demetria,Turnell
764,Wanids,Coom
765,Dulcie,Brewis
766,Glynnis,Monini
767,Wally,Alfuso
768,Rolfe,Manoch
769,Boyd,Munnery
770,Hernando,Paszek
771,King,Fieldstone
772,Moina,Cudbird
773,Brinna,Easdon
774,Cameron,Stanley
775,Sarina,Wallington
776,Elise,Gordon
777,Fawn,Linfield
778,Jonie,Porritt
779,Robers,Melior
780,Adiana,McGifford
781,Ervin,Sharrier
782,Knox,Ortiga
783,Filippo,Kynsey
784,Neila,Melato
785,Darbee,Taggert
786,Meridel,Ryves
787,Claiborne,Santon
788,Branden,Mateu
789,Alfreda,George
790,Iorgo,Lowdwell
791,Tracie,Ganley
792,Krystyna,By
793,Rubie,Lansdale
794,Shannon,Perello
795,Jacinta,Williment
796,Ewen,Gumm
797,Dannel,Dowley
798,Fara,Darnbrook
799,Titus,Coolahan
800,Una,Dionisi
801,Riki,Shrubshall
802,Claire,Medhurst
803,Jethro,Wilber
804,Christye,Hopfner
805,Renata,Crosio
806,Morgan,Bakewell
807,Sarajane,Fesby
808,Freddy,Bramble
809,Arlene,Apperley
810,Dita,Ossulton
811,Dixie,Randal
812,Nicki,Richardsson
813,Blake,Clemow
814,Bernie,Harrad
815,Ericha,Trillo
816,Felicle,Addeycott
817,Coretta,Doerling
818,Devinne,Tesseyman
819,Anette,Shortin
820,Marcelia,Palphreyman
821,Nana,Jacmar
822,Amii,Jermey
823,Eddy,Lanning
824,Hatty,Whiteoak
825,Olag,Horsefield
826,Lesly,Oman
827,Brose,Loving
828,Emma,Heister
829,Kingsly,Renzo
830,Roze,Revell
831,Bobby,Bukac
832,Lindsay,Swallwell
833,Cooper,Denford
834,Arlina,Pickford
835,Laurette,Orrow
836,Walt,Basill
837,Devland,Rubbert
838,Ker,Dabourne
839,Theadora,Mounce
840,Boycie,Ashborne
841,Russell,Chatfield
842,Taryn,Stormouth
843,Maurie,Bowman
844,Juditha,Donaghy
845,Brigg,Atthowe
846,Meagan,Iori
847,Camille,Work
848,Sadie,Barrasse
849,Nonnah,McTurlough
850,Tabbie,Truswell
851,Felipa,Semens
852,Oralle,Michelmore
853,Cathi,Casetta
854,Bartolemo,Marle
855,Karmen,Warke
856,Percival,Dumberrill
857,Pansy,Bulstrode
858,Loria,Tabbernor
859,Cthrine,Sheed
860,Desiri,Thumnel
861,Hogan,Iacavone
862,Leicester,Franchi
863,Konstanze,Gerdes
864,Wyatan,Faro
865,Glad,Josupeit
866,Adoree,Plumridge
867,Lainey,Ratcliff
868,Sean,Town
869,Roderick,Snooks
870,Barty,Box
871,Prisca,Casley
872,Em,Duignan
873,Free,Swyer-Sexey
874,Tommy,Hughes
875,Cchaddie,Gulberg
876,Carree,Inman
877,Earle,McQuie
878,Hadleigh,Behrens
879,Veriee,Gaines
880,Darby,Taillant
881,Arvie,Maton
882,Vivianna,Bumpus
883,Mal,Corby
884,Tammara,Hoolaghan
885,Dolores,Hiscoke
886,Bill,Waind
887,Nicky,Wannell
888,Brocky,Capper
889,Hube,Cheek
890,George,Sperry
891,Cara,Pettiward
892,Paquito,Brecknall
893,Jozef,Lezemore
894,Sigvard,Rodolphe
895,Keary,Kipping
896,Caleb,Kennedy
897,Quillan,Lockyear
898,Stanislaw,Couling
899,Lori,Renak
900,Addison,Panner
901,Maurita,Toleman
902,Harriett,Chiswell
903,Walther,Johnsee
904,Des,Garfath
905,Riccardo,Grebner
906,Nikolas,Moorman
907,Torin,McFaul
908,Kennith,Float
909,Anastassia,Menilove
910,Jorrie,Halsey
911,Clarita,Challiner
912,Kyla,Tinman
913,Lily,Cringle
914,Ripley,Dombrell
915,Neely,Giacobillo
916,Sofia,Leek
917,Neely,Moncreiff
918,Erena,Pattrick
919,Roddy,Beyne
920,Nichole,Lowes
921,Brier,Kidder
922,Gib,Gartshore
923,Frasco,Stud
924,Eldridge,Kunneke
925,Land,Cettell
926,Ave,Kippen
927,Tabina,Hitzke
928,Kris,Dymoke
929,Roz,Ord
930,Farly,Allanby
931,Rasia,Crook
932,Kathy,Pruckner
933,Vern,Bedlington
934,Maureen,Mantrup
935,Shae,Ricson
936,Maximo,Hannaford
937,Jessey,MacKimm
938,Ty,Cowtherd
939,Kissie,Leavens
940,Rica,Coe
941,Enrico,Sickamore
942,Merla,Dransfield
943,Byrann,Forge
944,Odo,Marquess
945,Michel,Luckwell
946,Dieter,Terrett
947,Zedekiah,Hambribe
948,Susie,MacGaughie
949,Lauritz,Itzakovitz
950,Dalia,Merrywether
951,Eward,Drillingcourt
952,Dodie,Keysel
953,Orren,Easton
954,Nancy,Glover
955,Hodge,Belliard
956,Alvinia,Feenan
957,Hadria,McJerrow
958,Eugine,Kienzle
959,Hyatt,Roches
960,Jaimie,Klagge
961,Cherice,Fortune
962,Petey,Cayzer
963,Shayla,Jerrold
964,Myrlene,Lydford
965,Emilio,Walkley
966,Arel,Petrusch
967,Dot,Guerro
968,Gerik,Blackall
969,Caressa,Herity
970,Austina,Bento
971,Shay,Yesichev
972,Noell,Bramont
973,Beverly,Wolfit
974,Brunhilda,Crippill
975,Halie,Remington
976,Barbette,Surphliss
977,Demetris,Geydon
978,Minetta,Summerbell
979,Marney,Phillipps
980,Sheffy,Keppin
981,Almire,Plitz
982,Joy,Banstead
983,Gawen,Hedgecock
984,Clemmy,Jantot
985,Rhiamon,Hulme
986,Wolfie,Doohey
987,Denny,Cameli
988,Arturo,Gammel
989,Karie,Ticksall
990,Dynah,Stell
991,Keriann,Stalf
992,Bailie,Chadband
993,Sherm,Iggalden
994,Cathlene,Alliott
995,Derrick,Cuthbert
996,Keven,Phair
997,Claire,Abbets
998,Abigale,Winship
999,Flossie,Northin
1000,Ophelie,Savidge
