SL_ID,FirstName,Surname,Salary,Bonus
1,Olwen,Cornier,3254,
2,Marje,Perrygo,3968,285
3,Wells,Lintin,3226,
4,Beverly,Iredell,2371,
5,Ruddy,Guesford,1967,227
6,Dreddy,McCandless,2922,218
7,Lexine,Hucklesby,1353,
8,Lexine,O'Carran,3286,
9,Coral,Sherringham,3903,
10,Bruce,Badcock,1562,185
11,Arni,Rogliero,2413,
12,Bethena,Pendered,2509,
13,Ingaberg,Woofinden,2788,217
14,Tawsha,Turville,4057,
15,Renault,Hew,2359,278
16,Isador,Pilsworth,2179,
17,Evaleen,MacPherson,2834,191
18,Bruce,Stainbridge,1491,
19,Waylan,Trounson,3339,
20,Charmian,Tidcomb,3062,121
21,Lazarus,Sudworth,1403,
22,Sabine,Karel,3526,
23,Trudi,Kolushev,3789,
24,Whitaker,Ewens,3400,244
25,Sigvard,Naris,1754,
26,Araldo,Featonby,4196,
27,Sarita,Pavey,2663,
28,Hermia,Farady,2911,253
29,Pate,Gratten,2588,
30,Joshia,Linforth,2433,
31,Lenee,Toma,2502,252
32,Reece,Duchart,1397,
33,Iosep,Brazer,1564,91
34,Chrissy,Tryhorn,4083,256
35,Phillipe,Ewer,1969,
36,Fleurette,Jereatt,2479,261
37,Olivette,Issacof,1355,
38,Shalna,Spoerl,2031,
39,Wash,Bowdidge,1324,227
40,Alverta,Arboine,3237,
41,Matthias,Stocky,2480,
42,Vanni,Gaye,3458,
43,Cymbre,Goede,3529,
44,Thaxter,Gammidge,3879,
45,Markus,Brien,2768,172
46,Laurette,Hastwall,1986,
47,Tressa,Duigan,2456,
48,Correy,Ayree,1672,155
49,Sandy,Corben,3901,
50,Luke,Barttrum,4293,
51,Ilse,Huckstepp,4045,266
52,Traver,Munby,1433,
53,Hendrik,Harower,1442,119
54,Maryanne,Sparry,1645,83
55,Jojo,Farmer,1906,
56,Jacinta,Hauch,2069,
57,Trudy,Grunnill,3401,
58,Sondra,Pierri,2219,106
59,Kellsie,Rabier,4176,
60,Nessa,Woolfenden,2820,
61,Elliott,Clitherow,2119,281
62,Everard,Giovannini,1755,
63,Ephrayim,Harmon,4259,70
64,Rozanna,Gozney,1316,
65,Raffarty,McQuorkell,2049,290
66,Kimble,Gieves,2027,
67,Laure,Brookwood,3126,
68,Masha,Chartman,3806,
69,Marylynne,Birts,3886,
70,Karlen,Kwiek,2712,
71,Langsdon,Kenney,3214,
72,Demeter,Mamwell,2237,194
73,Christiano,Lillgard,2725,
74,Ingamar,Diviny,4171,
75,Ashleigh,Neil,1553,
76,Dyanna,Aloshechkin,2786,
77,Cob,Melmar,3745,
78,Stanislas,Entreis,2714,273
79,Augie,McReath,1466,
80,Dorisa,Nelthropp,3065,163
81,Puff,Burkman,1981,152
82,Bradney,Praten,1716,
83,Jamima,Perle,2618,
84,Banky,Cyphus,1758,62
85,Bertie,O'Luby,2615,
86,Tomlin,Lezemere,2898,254
87,Colas,Radband,1817,171
88,Jakob,Sandom,4003,
89,Maryellen,Lindemann,2607,125
90,Lizabeth,Bubbins,3200,
91,Issie,Gillanders,3603,
92,Heidi,Ambler,3275,121
93,Regina,Cody,3541,
94,Winny,Mettetal,2804,
95,Zedekiah,Riggeard,1492,
96,Kellia,Scrowson,2667,
97,Octavius,Edmons,2562,188
98,Douglas,Riguard,1563,110
99,Evvie,Frondt,1412,
100,Zelma,Bonnick,2297,71
101,Reine,Banasik,3247,
102,Sharlene,Franzewitch,2374,
103,Josefa,Van Castele,3869,
104,Janna,June,3337,
105,Hayley,Houselee,3693,
106,Dukey,Dundridge,2002,
107,Hyacinthia,Roomes,3555,290
108,Asa,Coetzee,4107,85
109,Ursala,Syddie,3372,
110,Burton,Kyne,2254,
111,Nilson,Marder,2648,135
112,Kimberlee,Bril,4163,
113,Darryl,Pummell,3552,155
114,Trixy,Whisby,1511,143
115,Alejandro,Youll,3652,
116,Noelle,Baleine,1882,
117,Dinny,Raftery,1740,
118,Gladi,Niblo,2658,
119,Roxana,Sullens,4023,139
120,Jacinda,Tye,1498,
121,Johnette,Hug,3985,164
122,Micaela,Mackness,3429,
123,Callida,Craske,2552,
124,Barrett,Copins,1863,193
125,Mickie,Clemo,2602,
126,Benoit,Ivashnikov,1410,83
127,Ransell,MacPike,3144,56
128,Georges,Scally,2662,
129,Nolana,Burch,4114,281
130,Johan,Foxton,2745,
131,Indira,Greenaway,3593,
132,Wilton,Pridham,1923,
133,Barbe,Northey,1818,
134,Napoleon,Rays,3092,
135,Evin,Aynold,2373,112
136,Shina,McFeate,3110,
137,Stavros,Sterte,2894,235
138,Welbie,Farington,3333,289
139,Derril,Dahlberg,1917,
140,Levy,Bewfield,3848,
141,Ernestine,Kornyshev,4039,
142,Dewain,Leeds,2673,
143,Ebenezer,Jacobsz,2697,
144,Ali,Attack,2978,81
145,Michel,Winterson,1530,247
146,Kevyn,Bellsham,3473,
147,Kalina,Hammon,3004,
148,Ivie,O'Brian,3345,
149,Gabbie,Farryan,3899,
150,Emmalynne,Athersmith,2709,257
151,Shaw,Vaudrey,1855,
152,Georgie,Pykerman,3296,
153,Keen,O'Hare,3409,
154,Ivor,Berthelet,3685,
155,Rodrique,Very,3460,
156,Lita,Sango,2595,115
157,Alysia,Heyball,4072,161
158,Eldridge,Staniland,3606,
159,Janette,Deary,1488,
160,Aurthur,Bothe,3977,55
161,Terrill,Battill,3127,73
162,Audre,Lamprey,2847,176
163,Nanete,Fitzsymonds,2456,
164,Gisele,Newall,2142,
165,Justin,Treweela,1591,
166,Brigida,aManger,2539,
167,Kelley,De la croix,1436,
168,Marshall,Sturges,2422,
169,Axe,Grigoryev,2381,163
170,Freddie,Pabelik,4171,
171,Verla,Clemenza,3064,
172,Felix,Corradengo,4124,
173,Janella,Ducket,2849,294
174,Angelika,Gowar,3983,
175,Sheba,Pell,4104,
176,Bailey,Hiskey,4256,
177,Napoleon,Raleston,3102,
178,Vickie,Redsall,2786,185
179,Craig,Dunton,4293,
180,Liuka,Chestney,3441,232
181,Manuel,Boater,3748,203
182,Damaris,Vawton,3532,
183,Lexine,Lawes,3318,
184,Prissie,Novis,3114,
185,Margaret,Allwright,1787,
186,Daryl,Bromidge,3569,216
187,Gabriel,Passler,2100,
188,Edita,Shelp,2115,135
189,Shadow,Grigoletti,1619,
190,Randy,Rendell,1374,
191,Gaspar,Joincey,2426,
192,Margette,Killick,4227,
193,Brigitta,Hagerty,2543,
194,Billy,Ruggiero,2646,
195,Louis,Joist,3059,132
196,Lena,Beeble,2878,300
197,Alberik,Dannohl,2368,
198,Hildagard,Base,4112,
199,Dieter,Lillo,4242,
200,Dulcine,Teese,3600,
201,Quincy,Spuner,3117,
202,Shana,Uttley,1797,106
203,Lek,Caldron,2660,271
204,Dodi,Beeres,4014,
205,Lanita,Mangin,3955,
206,Johna,McCrackem,2207,
207,Corina,Clapson,2194,
208,Sileas,Lipyeat,1606,
209,Griffith,Gozzett,2690,
210,Tally,Dyter,2280,
211,Northrop,Reisenberg,2447,
212,Bonni,Figure,2790,130
213,Davy,Myott,1496,
214,Candace,Stearne,4270,
215,Lonny,Sabbins,1537,
216,Arlina,Ivanchin,1534,237
217,Oriana,Cholonin,1378,
218,Spence,Hanbury,3556,
219,Obidiah,Ybarra,2675,
220,Dari,Broose,2968,
221,Julienne,Legion,2920,
222,Reyna,Medlin,3102,
223,Gladys,Heed,1806,
224,Joseito,Feria,1363,
225,Stewart,Crock,2146,229
226,Shellysheldon,Rustedge,2686,
227,Livy,Georghiou,1710,52
228,Aleen,Novis,3422,251
229,Rosemaria,Murra,2644,250
230,Frannie,Leversha,2287,114
231,Janos,Albon,4258,
232,Calypso,Bolens,3268,
233,Alonso,Largen,2935,
234,Niki,Dumbellow,1461,
235,Arni,Booley,1987,148
236,Stanislaus,Roony,1974,269
237,Monika,Plaid,2348,255
238,Alma,Anfossi,3505,
239,Kele,Pre,3634,
240,Camellia,Nortunen,2683,133
241,Allyn,Roxburch,3167,
242,Charlotta,Concannon,1610,152
243,Robinson,Wolfarth,1992,54
244,Lavinia,De La Salle,2125,
245,Chauncey,Wyburn,2940,
246,Arnold,Polgreen,3916,
247,Gaby,Goodison,1908,67
248,Jase,Mountney,1493,134
249,Kelsey,Fludder,3342,
250,Angel,Raggles,2172,246
251,Sibilla,Sharphouse,3252,89
252,Farris,Wigley,2247,
253,Austin,Savage,2757,
254,Giralda,Ealam,3218,87
255,Nataline,Ricciardi,3617,
256,Marten,Corzor,3033,
257,Sharron,Binley,3851,51
258,Rossy,Lunk,4265,
259,Louis,Flello,1674,
260,Vanna,D'Cruze,4262,
261,Brena,Zini,1781,
262,Brien,Mowbury,2486,255
263,Keary,Pattisson,3094,
264,Evvy,Issacof,2263,
265,Rosalynd,Pound,2518,196
266,Earle,Braysher,3036,
267,Gennie,Haggart,2080,
268,Gelya,Rault,3161,222
269,Brok,Flaherty,1788,
270,Barnaby,Dyson,1866,60
271,Ann-marie,Harsent,2236,262
272,Kermie,Magner,1506,145
273,Elvin,Edgeson,4158,
274,Raleigh,Westwood,3170,190
275,Garik,Crann,4269,
276,Breanne,Dearn,2739,53
277,Chet,Macci,3048,
278,Sheela,Adame,3142,
279,Nalani,Beachem,4155,95
280,Lottie,Daybell,2521,
281,Dewitt,Doy,2968,
282,Diane,Filyaev,2586,
283,Olly,Levensky,3380,240
284,Nataniel,Liverseege,1381,
285,Cassaundra,Worman,3569,
286,Sampson,Leavold,2005,194
287,Cecelia,Adshead,1343,
288,Clayton,Smallridge,3690,219
289,Dominique,Ussher,1487,100
290,Odey,Duley,1413,
291,Sherm,Millsom,2726,264
292,Bernard,Garnsworth,1549,
293,Romonda,Gabitis,2341,
294,Magdalen,Darville,3253,280
295,Cordy,O'Kieran,1855,
296,Elset,Skeffington,3629,
297,Shanda,Snewin,1719,297
298,Elisabeth,Cowndley,1304,
299,Jilly,Addington,3513,148
300,Mahmud,Castelli,3530,
301,Bobbe,Cattellion,3184,95
302,Myrtice,Coan,1954,
303,Annmarie,Shutte,2737,
304,Nadiya,Coghlan,2578,82
305,Maura,Fairbourne,1868,68
306,Adria,Greedy,2325,
307,Sherye,Shalders,3225,
308,Farrell,Wheway,1892,
309,Deina,Sinisbury,3213,
310,Gabie,Lared,3289,
311,Buckie,Vear,2960,
312,Gibb,Fawthrop,2738,73
313,Gal,Clare,3541,100
314,Garry,Spottswood,3972,108
315,Debbie,Fulmen,3029,
316,Lilas,Sive,2561,
317,Kikelia,Skains,1608,
318,Adda,McKew,4189,
319,Kakalina,de Clerc,3937,
320,Sukey,Capps,3115,
321,Salomi,Klambt,3416,112
322,Aloysia,Cordle,2145,
323,Ogdan,Freund,1792,300
324,Neils,Burchatt,3976,137
325,Borg,Oldmeadow,1569,
326,Riannon,Cockran,3808,
327,Minnnie,Leppingwell,1446,
328,Clarine,Pammenter,1727,
329,Carmelita,Silbert,3737,205
330,Dominica,Butteris,3939,242
331,Cart,Elsey,1504,271
332,Archibald,Eaves,1559,
333,Clerkclaude,Kleint,3274,68
334,Artie,Karolczyk,3590,227
335,Pen,Staddon,2592,
336,Justino,Beadel,2518,
337,Tina,Durrad,2937,
338,Clara,Walliker,1522,
339,Mikael,Aicken,1586,
340,Madge,Teasdale-Markie,3045,
341,Cecil,Komorowski,2153,253
342,Diana,Joyes,4089,238
343,Everard,Paulson,1898,264
344,Reynard,Giovannetti,1559,
345,Will,Powrie,2254,262
346,Enid,Tarr,2607,
347,Noelyn,Eskriet,1569,209
348,Branden,Behrens,2402,162
349,Christean,Chatelet,2260,268
350,Elysee,Geaves,2395,
351,Joly,Biggam,2406,
352,Marian,Featherstonhalgh,1673,
353,Darline,Dumphreys,3739,186
354,Yolanthe,Pleuman,2753,254
355,Leia,Testro,3513,
356,Vivienne,Rittmeier,3517,50
357,Mia,Lamball,1651,180
358,Modesta,Cromb,3622,116
359,Carmela,Claypole,3407,82
360,Dorree,Lafond,2891,190
361,Tallou,Cronshaw,4185,134
362,Holly,Monkton,4022,300
363,Alie,Saiger,2758,206
364,Jackqueline,Beamson,1955,168
365,Toddie,Hurles,1442,
366,Angelico,Atley,2087,105
367,Marissa,Meriel,3657,265
368,Norton,Gervaise,3075,
369,Penny,Sparham,3528,286
370,Gale,Putten,1513,
371,Charlena,Dahlgren,2884,
372,Maribelle,Langford,4028,
373,Lilly,Coyne,1660,
374,Arley,Blatcher,2496,156
375,Lindi,Opdenort,3846,235
376,Channa,Strowlger,3822,
377,Alberta,Maleham,3605,290
378,Lodovico,Longea,2084,
379,Ashley,Surmeyers,4010,
380,Nyssa,Moff,3702,
381,Nonnah,Charity,2844,269
382,Godard,Pettet,2664,
383,Kayla,Fergyson,3533,
384,Tasia,Marian,3351,83
385,Marlene,Wrintmore,2488,
386,Dirk,Olden,1855,80
387,Taddeo,Lowensohn,2389,
388,Edsel,Maginn,3622,
389,Karl,Honisch,3087,
390,Wendie,Neave,4259,
391,Griz,Cunah,3501,
392,Katuscha,Waterhouse,1737,
393,Zaccaria,Chessel,3162,
394,Noach,Burgan,3133,180
395,Thorvald,Beart,2170,
396,Josephina,Knaggs,3189,
397,Nanni,Shreve,3702,129
398,Stanislaw,Perrelli,3663,
399,Halli,Delacote,2694,148
400,Jessalin,Dring,1648,
401,Evey,Mattiazzi,2850,146
402,Raleigh,Emilien,3950,134
403,Jobye,Scholig,3467,
404,Moe,D'Aeth,4068,
405,Milton,Casewell,2398,291
406,Hercules,Lathey,4278,298
407,Damon,Bartholin,1342,
408,Gabbi,Pacey,1684,
409,Hayden,Dennistoun,3838,
410,Bethina,Pechan,1451,
411,Alyosha,Leithgoe,2927,121
412,Nehemiah,Griswaite,2264,
413,Sean,Gascoyen,1333,277
414,Helenka,Drewry,2692,
415,Amata,Videler,1322,57
416,Diarmid,Umpleby,3482,
417,Marshal,Hodgon,3054,
418,Waite,Cleiment,2628,249
419,Zacharia,Spinola,1833,
420,Nada,O'Hickee,2154,292
421,Augusto,Bynert,2976,
422,Poppy,Laverty,1909,246
423,Townsend,Blindmann,2548,
424,Ally,McAuley,1989,86
425,Abdel,McArd,3341,
426,Adda,Ledbetter,3466,
427,Kaleena,Lodovichi,2099,
428,Jania,Andren,3613,236
429,Kimbra,Morais,3507,
430,Shayne,Higginbottam,1596,108
431,Maxie,Bonanno,1534,
432,Seka,Hackwell,3149,191
433,Gustave,Tungay,1373,
434,Timmi,Oloshkin,3572,
435,Antony,Hawford,1570,80
436,Lenore,Readett,3255,
437,Wynnie,Edmonson,3687,
438,Christa,Gatiss,2133,
439,Prinz,Glasser,1797,161
440,Fey,Gheerhaert,1949,
441,Karney,Batiste,1458,
442,Baxter,Traske,2083,
443,Gavra,Auston,3285,
444,Jillian,Queste,3615,
445,Kurt,Deeming,4031,
446,North,Gaskall,3102,
447,Julianne,Devas,3102,
448,Gus,Fairweather,3696,
449,Allegra,Tigwell,2388,
450,Vanya,Le Blanc,3704,89
451,Heinrik,Spendley,2203,185
452,Osborne,McGoldrick,2289,55
453,Berta,Beeden,3352,262
454,Laird,Djakovic,1699,
455,Roman,Braam,2094,222
456,Dorris,Braunlein,3963,224
457,Matt,Kennion,1408,131
458,Ferdinand,Vakhrushev,2372,
459,Roxana,Oldknowe,3496,102
460,Gib,Portugal,1359,55
461,Cornelius,Sima,2109,129
462,Barret,Dowbakin,3781,266
463,Rochester,Steptow,1704,62
464,Salomon,Partner,3195,
465,Sianna,Zupa,4236,294
466,Elena,Caze,2193,
467,Janek,Scothern,1859,285
468,Tomaso,Fehners,3408,108
469,Dimitry,Garratty,1636,169
470,Garik,Geering,2413,
471,Broddie,Rogger,2958,130
472,Budd,Perez,2042,159
473,Joela,Izhak,2913,
474,Von,Boyde,3203,122
475,Kasper,Medeway,3866,
476,Monti,Ablott,2383,
477,Elfreda,Scyone,3649,
478,Leontyne,Rebanks,1649,
479,Gabie,Hatzar,2446,152
480,Cale,Sommerling,2355,
481,Winny,Bainbridge,2266,
482,Fara,Harrowell,3998,165
483,Leoine,Braid,2750,74
484,Christos,Gabbitis,1981,177
485,Ardra,Montgomery,2505,52
486,Janey,Santoro,2701,223
487,Cliff,Fleischer,2280,
488,Neille,Clapison,3764,260
489,Arlen,Cona,1613,
490,Elbertine,McEntagart,1669,
491,Abel,Wilkerson,1360,
492,Damiano,Salzberger,3307,
493,Reuben,Bader,3938,
494,Harry,Whitloe,2610,
495,Laryssa,Jaggi,2529,
496,Lise,MacCumeskey,2386,
497,Yale,Bellany,2058,
498,Jacky,Cumberland,1974,
499,Padriac,Balchen,3745,
500,Carroll,Salzburg,3081,
501,Seka,Gaine of England,2988,
502,Rene,Smalles,2521,93
503,Kayne,Christophersen,2443,
504,Ethelbert,Capozzi,3044,
505,Olympie,McGuigan,2070,118
506,Ammamaria,De Roos,3584,
507,Francisco,Atmore,4214,
508,Charleen,Sephton,2290,
509,Ruthe,Bowler,3228,122
510,Liz,Kier,1870,68
511,Elbert,Ginman,1696,267
512,Avie,Ellerton,2438,
513,Kerrie,Jeremiah,4104,
514,Enrique,Spadelli,3484,102
515,Anatole,Dries,1537,
516,Brittne,Walch,2253,113
517,Caty,Bezzant,3977,
518,Gibby,Glendza,3200,
519,Carny,Phin,2318,
520,Jonas,Levins,2783,
521,Korey,Uppett,1781,
522,Liuka,Ballendine,3927,
523,Paige,Kordas,4089,154
524,Donny,Bertholin,3720,80
525,Nicolas,Deniskevich,2961,294
526,Uri,Pennini,3377,185
527,Laurence,Pentecost,1927,
528,Gideon,Ajean,3693,166
529,Sheryl,Sutty,2355,
530,Gaylene,Rodolphe,3855,132
531,Ruddie,Smogur,2900,96
532,Jacqui,Baitson,1803,
533,Larissa,Osbourne,3348,127
534,Randie,Pudsey,1550,235
535,Karney,Raggett,2327,
536,Brittni,Ellul,2810,155
537,Sully,Mattersley,3041,252
538,Tobin,Ortells,3077,201
539,Ross,Cleft,3735,
540,Karry,Weinberg,3160,254
541,Haley,Drought,1382,136
542,Dyanne,Disbrey,3051,
543,Alfie,Andrey,2478,267
544,Curr,Heinz,2955,
545,Alex,Stannering,1354,236
546,Linus,Bigglestone,2345,
547,Sauveur,Charlwood,2024,110
548,Aloysius,Wickmann,2632,
549,Stevy,Custed,1618,101
550,Devy,Francescozzi,1485,288
551,Consuela,Delacote,3498,172
552,Jamil,Sherrard,3433,187
553,Pennie,Boniface,1361,
554,Eden,Benge,1487,
555,Cleavland,McCahey,1376,
556,Far,Else,2252,245
557,Kelcie,Bartos,3917,
558,Barbee,Fletcher,3117,
559,Delores,De Dantesie,3420,86
560,Friedrich,Curgenuer,1729,297
561,Maxim,Vedekhin,3439,
562,Piper,Parsonage,2401,
563,Perry,Schaffler,1326,
564,Hildy,Garthside,2043,
565,Noreen,Houlworth,2164,
566,Christal,Skinner,2311,
567,Oran,Cunio,2658,
568,Nada,O'Sheilds,1654,
569,Arielle,Chettle,3717,
570,Erin,McCluskey,2816,
571,Linn,Churchard,2199,232
572,Tiphany,Haith,3769,
573,Crawford,Kohler,2504,219
574,Shurlock,Champ,1734,59
575,Shaun,Verrechia,3774,
576,Doralia,Pettersen,1785,163
577,Felita,Wanley,3331,
578,Ritchie,Cleaveland,2676,300
579,Cami,Linch,2690,
580,Cherye,Fullerton,2124,92
581,Crystal,Ollivier,3429,82
582,Marcelo,Blackney,1600,
583,Gilbertine,Pulham,2050,126
584,Mavra,Kerkham,2251,275
585,Donna,Ebhardt,2537,
586,Janeva,Cowl,3534,252
587,Alejoa,Dunkerley,2290,177
588,Ichabod,Offener,1571,
589,Marthena,Sweetland,1933,
590,Etheline,Kerss,1824,
591,Marika,Boys,3445,
592,Drake,Gregore,2243,211
593,Laughton,Kleen,1486,
594,Klemens,Sinderland,1972,239
595,Myriam,Pawlowicz,3205,
596,Kelcie,Baselio,4060,
597,Robbie,Skelly,3590,
598,Sybille,Brandino,1709,
599,Agatha,Ravenshear,4120,
600,Sapphira,Heffernan,3632,
601,Sutton,Badham,3691,85
602,Bruce,Shervil,3308,111
603,Maddie,Wellington,3541,184
604,Ursola,McSwan,2901,
605,Ingemar,Van Oort,2082,
606,Laural,Fuke,1391,
607,Vita,Pawlett,3434,109
608,Baxie,Dobie,1318,
609,Rudd,De Moreno,1511,
610,Alyda,Bartolic,2947,
611,Kerri,Andrini,2824,
612,Merilee,Baile,1692,
613,Delila,Zimmer,4044,
614,Dell,Avent,2159,277
615,Baryram,Eason,2342,273
616,Aeriell,Corneck,1721,212
617,Kissiah,Eliasson,3910,138
618,Jobyna,Cohen,4043,63
619,Ira,Welberry,3635,
620,Meredith,Lundberg,2734,
621,Lindsay,Fuxman,3293,201
622,Perkin,Morland,3702,
623,Bria,O'Halligan,1564,
624,Hillary,Grills,3454,51
625,Nessi,Lowde,2854,173
626,Malorie,Hackworthy,2803,287
627,Fons,Elderfield,3004,297
628,Jim,Dowyer,1611,
629,Charla,Hrinchishin,3998,
630,Leese,Lathan,2758,
631,Pamela,Piller,4284,233
632,Brittan,Lemonnier,4069,
633,Kania,Josofovitz,2017,251
634,Vanessa,Niles,3917,148
635,Quintilla,Dulany,3702,
636,Brose,Orr,2629,277
637,Hakim,Yarham,2574,186
638,Jeromy,O' Dooley,2188,
639,Gamaliel,Whoston,2595,
640,Pyotr,Belitz,2111,60
641,Dylan,Heine,1686,179
642,Kristoffer,Baud,3516,97
643,Lu,Heinish,2448,183
644,Lavinie,Wixey,1598,
645,Carmon,Sepey,3752,
646,Beverlee,Crosson,1778,
647,Fanny,Jobson,3458,67
648,Isidora,Howsley,2554,
649,Aura,Hallawell,1726,296
650,Merralee,Hardie,2172,
651,Danit,Kett,3614,
652,Aristotle,Hardiker,2051,
653,Jamill,Adame,2172,
654,Denney,Lyffe,2773,
655,Gracia,Bowhey,3522,
656,Currie,Carrick,2716,201
657,Willow,Sieghard,2767,
658,Chrysler,Sauvain,3573,
659,Annette,Hillam,2790,
660,Verney,Vossgen,2752,
661,Roger,Werner,4071,
662,Linet,Pascow,2044,
663,Caril,Hawkett,3267,
664,Nora,Burleigh,1490,
665,Courtnay,Eaglen,3680,178
666,Janeczka,Gwyn,3781,
667,Cleavland,Guiducci,2411,
668,Johnathan,Dybbe,3277,96
669,Flory,Cutmere,3629,218
670,Cloris,Korneichik,3749,171
671,Des,Koenraad,2651,
672,Gayler,Simcock,3329,160
673,Daveta,Garforth,2049,
674,Mariellen,Bursnall,2980,
675,Whitaker,Coulter,3128,78
676,Marlowe,Subhan,1347,201
677,Aldin,Skerrett,2483,
678,Lilli,Tale,2332,203
679,Tades,Diano,3236,
680,Teador,Milley,1885,209
681,Dinnie,Allcock,3138,89
682,Dolores,Kynforth,1705,277
683,Barry,Garden,2795,
684,Joceline,Keast,1606,
685,Beverlee,Weall,2448,85
686,Correy,Feltoe,3123,
687,Dory,Hulatt,2719,
688,Gabriel,MacManus,2441,75
689,Herrick,O'Nions,4226,104
690,Lissa,Symon,2007,
691,Ilyse,Buche,1745,174
692,Jesse,Clelle,1325,280
693,Jonathan,Arangy,2883,266
694,Franciska,Grimmert,3815,
695,Janaye,Keeney,2443,
696,Delbert,Caldwell,4282,101
697,Royal,Davidovics,3963,89
698,Cristina,Banasik,2779,
699,Emmett,Tadlow,2311,
700,Tadd,Bundey,2192,235
701,Aila,Caddock,2562,
702,Layton,Thomsen,3130,
703,Dulciana,Lansbury,2491,
704,Tremaine,Cumpton,2013,
705,Loy,Inde,1668,67
706,Mellisa,Relton,2479,263
707,Valle,Canadine,2336,
708,Stafford,Francesch,3925,
709,Jackie,Axtell,2434,127
710,Aubrie,Spoward,1558,
711,Tasia,Dodridge,3499,
712,Iormina,Denyukhin,1777,
713,Sibley,McKeon,4286,58
714,Aurelie,Artz,4141,
715,Gloriana,Bane,1741,
716,Dedie,Casaroli,3744,
717,Bren,Llewellin,2181,
718,Pam,Willan,2994,110
719,Luz,Cawdron,2318,
720,Hilliard,Whyler,3880,177
721,Jeannie,Boldero,3806,
722,Faye,Zorzini,3846,254
723,Ripley,Claiden,3321,81
724,Maxy,Goodall,4156,
725,Jolie,O'Glessane,1600,
726,Cherlyn,Martensen,1379,
727,Vivienne,Halladey,2580,
728,Gerald,Stelljes,4086,196
729,Darrelle,Rawdales,3651,
730,Haze,Kitchiner,2038,
731,Odell,Ginglell,2038,
732,Chickie,Curl,2583,134
733,Cosmo,Leaf,1489,77
734,Conrade,Twinn,4044,290
735,Mendel,McCaughen,3938,
736,Antony,Loxston,4211,267
737,Ring,Mapples,2973,189
738,Laird,Thornham,3393,193
739,Lindie,Firpo,3652,
740,Margarethe,Hatherley,3288,
741,Tommie,Haryngton,1587,
742,Harman,Gobel,1912,198
743,Barn,Crallan,2743,
744,Elka,Nuzzi,2486,
745,Blithe,Buttrick,1730,240
746,Hayes,Conkling,2424,
747,Welby,Hickisson,1901,
748,Brock,Hancke,3222,87
749,Guss,Volonte,2676,
750,Jules,Ungerechts,1551,115
751,Dominique,Cremin,2116,81
752,Andie,Pitherick,2687,
753,Esta,Dohr,4082,50
754,Enoch,Kulis,1654,
755,Cristiano,Pretty,1662,283
756,Alisun,Cains,4295,
757,Mikey,Dews,2347,
758,Danny,Huburn,3292,
759,Raff,Tasseler,3856,
760,Aurea,Tadlow,3074,262
761,Raffaello,Towhey,2216,
762,Deloria,Burfoot,1516,99
763,Bobby,Tranter,1314,120
764,Ruthann,Crummay,2867,
765,Rosene,Burkwood,1939,292
766,Rivi,Mc Caughan,1411,
767,Peder,Acomb,2146,296
768,Tuesday,Durram,1719,
769,Greer,Mandell,4036,84
770,Kelvin,Bremley,2481,
771,Amberly,McGowing,1448,169
772,Gerti,Gregoraci,3197,222
773,Bobine,Wiltshier,3901,
774,Otes,Handyside,3618,176
775,Nolana,Menilove,2617,
776,Darsie,Strahan,1771,208
777,Jacquetta,Tatem,2887,58
778,Estele,Marchiso,2985,
779,Rita,Barus,2313,
780,Barnabas,Jemmett,1934,
781,Grace,Izzat,2181,
782,Constanta,Carrodus,4160,
783,Gisela,Snelgrove,1990,
784,Saree,Stovin,4269,
785,Kasey,Borg,3818,
786,Gauthier,Mandrier,1505,
787,Iormina,Walklott,2302,262
788,Nancee,Boulton,2888,
789,Enriqueta,Pirrie,1419,68
790,Pip,Kirkam,1379,
791,Vincent,Rook,3799,75
792,Page,Berry,3023,260
793,Isabel,Bramah,3205,
794,Ansell,Leatherland,2212,
795,Shepard,Inggall,1388,215
796,Avery,MacDonough,2916,
797,Barnebas,Abramowitz,1656,138
798,Bebe,Grishaev,1470,132
799,Benni,Keast,1963,144
800,Amber,Wildbore,2762,
801,Marina,Meak,4227,87
802,Huntington,Cheke,2575,
803,Bradley,Aleixo,2888,221
804,Debee,Barkas,1948,70
805,Silvie,Guillain,4190,
806,Belva,Fretter,2918,
807,Florenza,Pinder,1990,69
808,Quinn,Lindman,4294,
809,Jeanna,Boas,3707,213
810,Eva,Shuttlewood,1593,
811,Bill,O'Fairy,3021,
812,Colline,Petrashov,1995,
813,Alphonso,Tippin,3826,219
814,Erek,Luckham,1333,167
815,Deva,Gresty,4014,104
816,Deane,Duthy,2029,70
817,Danell,Elderfield,2682,
818,Elladine,McLay,3468,
819,Tiler,Brogini,2444,
820,Dianemarie,Henrion,2495,
821,Hartwell,Szreter,2711,149
822,Albertina,Aronovich,2935,
823,Bank,Holson,3126,
824,Durant,Trevaskiss,1412,271
825,Mason,Trowle,4103,
826,Shelli,Hylands,3005,
827,Megan,Caldero,1936,101
828,Amabel,Lobb,2706,155
829,Tilda,Subhan,3360,170
830,Agnese,Rolfi,3928,
831,Guinna,Boncore,3047,
832,Matthew,Salzen,3865,231
833,Neel,Atger,1673,101
834,Manolo,Weldon,2029,
835,Ariel,O'Bradden,4221,
836,Margret,Endicott,4062,177
837,Yankee,Hembry,3544,
838,Suellen,Challener,1447,143
839,Daune,Yellowlea,3660,
840,Stepha,Ramsdell,4173,
841,Onfroi,Iorio,2038,108
842,Cale,Taberer,4152,
843,Elsa,Volleth,1576,218
844,Shirley,Mailey,3837,
845,Libby,Hinrich,2472,
846,Selig,Fawcus,2725,
847,Christan,Bremen,1384,
848,Jeanne,Philipp,3127,
849,Travus,Luigi,3600,153
850,Kitti,Tour,1528,
851,Roobbie,Whetnall,4017,
852,Malvina,Binnie,3739,
853,Haleigh,Tuff,4243,
854,Aubrey,Postles,2498,111
855,Osmond,Jeandin,3373,
856,Ilaire,Dametti,1512,166
857,Peg,Zisneros,2886,
858,Benedick,Dyet,4249,
859,Danette,Cattermull,2260,
860,Nessie,Fontell,2825,136
861,Milly,Daughton,1606,
862,Ashlen,Pawlick,3242,
863,Omero,Irdale,3140,75
864,Nil,Udden,3849,
865,Andee,Bowery,3997,
866,Hilliard,Osman,3789,55
867,Tiertza,Champkin,1407,
868,Gipsy,Chaperlin,3678,
869,Finley,Benny,2491,
870,Timmie,MacNeilley,1349,207
871,Ruthi,Theseira,2644,163
872,Eyde,Shadrach,1950,54
873,Llywellyn,Hearn,3757,65
874,Dody,Wilmot,2456,137
875,Kippar,Chastanet,3970,139
876,Gilli,Goodfellow,3666,
877,Margret,Dionisi,2935,
878,Marcel,Theuss,3724,
879,Laurella,Aloshechkin,2020,73
880,Valina,Trenholm,4063,205
881,Haydon,Matt,2103,
882,Ceil,Gallahar,3573,
883,Darill,Dow,1627,256
884,Serge,Holcroft,3732,140
885,Lizzie,Norridge,3858,
886,Charo,Tams,2077,
887,Haroun,Blazdell,3553,
888,Hurleigh,Brame,2291,
889,Kelcy,Chill,2202,202
890,Freida,Sedwick,4028,
891,Piggy,De Bruyne,1813,293
892,Josselyn,Lanceley,3491,
893,Granger,Jacobovitz,2994,213
894,Bond,Jolly,1941,
895,Chrysa,D'Souza,2388,
896,Garald,Readings,3622,
897,Nonna,Troughton,1662,
898,Rodolphe,Wellington,3466,
899,Linnie,McNulty,3941,247
900,Reinwald,Carragher,2655,117
901,Melloney,Spykins,2803,
902,Filippa,Eckels,1640,102
903,Reynard,Twentyman,3264,
904,Bayard,Brookz,4030,274
905,Dyanne,Mulhall,2363,
906,Lorette,Ewles,1902,
907,Misha,Wiggington,2398,
908,Pall,Sole,3708,167
909,Annelise,Addyman,1976,
910,Lewiss,Brydson,1504,
911,Annice,Seer,1984,289
912,Royal,Balsillie,3542,286
913,Linzy,Haime,2697,
914,Dom,Lempenny,1647,175
915,Augusto,Spillane,3626,
916,Matthieu,Rapa,3291,
917,Selestina,Gerrelts,3768,169
918,Griff,Dufer,1405,220
919,Frederik,Nulty,2922,243
920,Billy,Filipchikov,2269,73
921,Janenna,Inchboard,3361,
922,Michail,Dahill,3437,232
923,Maryjane,Layne,3553,182
924,Sofia,Skelhorn,1860,288
925,Vanni,Gilbride,3865,88
926,Nadean,Yitzhakov,1348,87
927,Erik,Flexman,3706,
928,Keri,Stuckey,2371,
929,Melitta,Crimin,3425,242
930,Fulvia,Skitteral,1886,166
931,Colin,Bolsteridge,3705,116
932,Bertrando,Caswell,2714,
933,Christoph,Tilmouth,1865,193
934,Aldin,Scrowby,2778,
935,Ulrich,Neissen,2497,
936,Mortie,Handrok,3232,
937,Thalia,Coveney,3936,271
938,Elberta,Stowe,4155,
939,Artie,Heakey,2238,
940,Roman,McMakin,2459,
941,Farlay,Babe,2658,
942,Charil,Nares,1651,
943,Pablo,Mifflin,1671,
944,Langston,Ingles,2381,
945,Wallie,Crop,2980,
946,Emmey,Coggins,3256,
947,Marga,Groger,3207,
948,Rollie,Pigeon,3216,
949,Trevar,Kondrat,4232,169
950,Eran,Banisch,2806,
951,Yoko,Kincade,3971,
952,Kurt,St Pierre,1386,
953,Genni,Bryenton,2653,272
954,Jeramie,Darlison,3892,
955,Beverlee,Sawtell,1647,
956,Chane,Folder,3348,
957,Nert,Herreros,2135,
958,Briny,Bracer,3064,
959,Frieda,Elgram,2682,
960,Abeu,Blinckhorne,3599,243
961,Cassie,Callam,2930,222
962,Alphonso,Huntar,3973,
963,Lori,Done,4046,136
964,Thomas,Carlett,1512,
965,Nikolai,Fellenor,2699,
966,Cesare,Stollenwerck,4168,66
967,Naoma,Lisciardelli,3509,288
968,Giordano,Muris,4200,
969,Welby,Piletic,3616,74
970,Hilarius,Coles,3041,98
971,Clovis,Kilgallon,4008,
972,Lidia,Belcher,2744,
973,Vi,Moulsdale,2140,
974,Fern,Brimming,1917,
975,Genovera,Thurby,3654,
976,Ancell,Mc Andrew,2673,
977,Netty,Dunk,2384,50
978,Pavla,Shouler,3974,277
979,Felicle,Gyford,3012,
980,King,Owtram,2800,139
981,Doug,Skippen,2895,101
982,Blair,Strete,3784,
983,Tressa,Knottley,2753,95
984,Giusto,Ungerechts,3351,
985,Munmro,Pigney,3669,
986,Devina,Gilburt,4274,
987,Anet,Croke,4153,
988,Diane,Downes,1670,
989,Barney,Jurries,3083,
990,Danyelle,Levin,1781,
991,Maryrose,Tuckwell,1827,162
992,Zoe,Ousley,2917,
993,Bathsheba,Bowness,1953,218
994,Roma,Bracegirdle,3181,
995,Latashia,Bartleet,4154,
996,Lillian,Borel,3845,164
997,Charla,Neylon,3653,
998,Trixy,Glyssanne,2612,
999,Esta,O'Luney,3533,
1000,Jaimie,Blamphin,3006,
